Name,Short description,Description,Categories,Tags,Regular price,Type,Images
Patient Data Entry Automation v1.0,"Automate patient intake and eliminate manual data entry errors. Connect Google Forms, Sheets, and your EHR system seamlessly.","Streamline Your Front Desk

Simplify patient onboarding with instant form submissions, automatic data entry, and API integration to your EHR. Every patient form is logged and accessible instantly.

**Key Features:**
- Auto-generate unique patient IDs
- Push data to EHR/EMR systems in real time
- Secure HIPAA-ready setup
- Integrates with Google Forms, Sheets, Airtable, or custom forms

**Technical Requirements:**
- n8n or Zapier account
- Google Workspace or equivalent API credentials
- EHR API key (optional)",Healthcare Automations,"patient automation, data entry, healthcare, EHR, ProtoLabs",29,simple,
Appointment Scheduling Automation v1.0,"Simplify patient scheduling with calendar sync, instant confirmations, and automated reminders.","Book Smarter, Not Harder

This automation syncs patient requests with your Google or Outlook calendar and sends SMS/email confirmations automatically.

**Key Features:**
- Real-time appointment booking
- Auto reminders via Twilio or Gmail
- Calendar conflict detection
- Dashboard view for upcoming patients

**Technical Requirements:**
- n8n, Zapier, or Make
- Google Calendar or Outlook integration
- Twilio or SMTP credentials",Healthcare Automations,"appointment automation, scheduling, clinic operations, ProtoLabs",39,simple,
Claims Processing Automation v1.0,Accelerate claims processing with automatic EDI 837P formatting and clearinghouse submission.,"Fast, Accurate, Automated Billing

This workflow automates claims submission to clearinghouses like Availity or OfficeAlly, ensuring faster reimbursements and fewer denials.

**Key Features:**
- Auto-generate claim data from EHR export
- Format in EDI 837P standard
- Submit directly to payers via API
- Notify billing team of claim status

**Technical Requirements:**
- EHR system API or billing export
- Clearinghouse account
- Email/SMS API (optional)",Healthcare Automations,"claims, EDI, billing, ProtoLabs, automation",59,simple,
Diagnostics & Lab Results Automation v1.0,Securely match and deliver lab results to patients and providers automatically.,"Deliver Results in Seconds

This workflow monitors your lab uploads, matches patient IDs, encrypts files, and notifies doctors and patients instantly.

**Key Features:**
- Auto-match results by patient ID
- HIPAA-compliant encrypted delivery
- Slack/Email notifications for doctors
- Google Drive/Dropbox integration

**Technical Requirements:**
- n8n, Zapier, or equivalent
- Secure email or Slack setup
- Encrypted file storage",Healthcare Automations,"lab automation, diagnostics, results delivery, ProtoLabs",49,simple,
Supply Chain Automation v1.0,Automate inventory checks and reorders for medical supplies before you run out.,"Stay Stocked, Stay Ready

Connect your inventory sheets or databases, set reorder thresholds, and trigger purchase orders automatically when stock runs low.

**Key Features:**
- Real-time inventory monitoring
- Auto purchase orders
- Supplier API or email integration
- Low-stock alerts

**Technical Requirements:**
- Inventory database or Google Sheet
- Supplier API/email access
- n8n setup",Healthcare Automations,"supply chain, inventory, reordering, ProtoLabs, automation",45,simple,
Healthcare Operations Hub v1.0 (Bundle),The complete automation suite for clinics and hospitals — connect all 5 workflows into one unified healthcare system.,"The Ultimate Healthcare Automation System

Healthcare Operations Hub v1.0 integrates all five automations into one seamless workflow, from patient entry to claims, diagnostics, and supply chain management.

**Includes:**
1. Patient Data Entry
2. Appointment Scheduling
3. Claims Processing
4. Diagnostics & Lab Results
5. Supply Chain Automation
+ Orchestrator Dashboard

**Key Features:**
- Unified hospital workflow
- Modular setup — use individual or full bundle
- Built for scalability & HIPAA compliance
- Plug-and-play n8n JSON files included

**Technical Requirements:**
- n8n (self-hosted or cloud)
- Google Workspace APIs
- EHR + Twilio integration",Healthcare Automation Suites,"healthcare hub, hospital automation, workflow bundle, ProtoLabs",199,simple,
